<?xml version="1.0" encoding="UTF-8" ?>
<!DOCTYPE mapper
        PUBLIC "-//mybatis.org//DTD Mapper 3.0//EN"
        "http://mybatis.org/dtd/mybatis-3-mapper.dtd">
<mapper namespace="com.dreamfish.sea.oldbook.dao.UserMapper">
    <insert id="addUser">
        insert into user(user_name, password, gender)
        values (#{userName}, #{password}, #{gender})
    </insert>

    <select id="getUserById" resultType="User">
        select *
        from user
        where user_id = #{id}
    </select>
    <select id="getUserByName" resultType="User">
        select *
        from user
        where user_name = #{name}
          and password = #{password}
    </select>
    <select id="existUserByName" resultType="java.lang.Integer">
        select count(*)
        from user
        where user_name = #{name}
    </select>
</mapper>